property_id,zone,type,sqft,bedrooms,bathrooms,amount
C2001,North Sector,Condo,850,2,1,4500000.0
C2002,North Sector,Condo,920,2,2,4900000.0
C2003,North Sector,Villa,2400,4,3,15000000.0
C2004,South Sector,Apartment,1100,2,2,6200000.0
C2005,South Sector,Penthouse,3100,4,4,28000000.0
C2006,North Sector,Condo,880,2,1,4600000.0
C2007,South Sector,Apartment,1050,2,1,5900000.0
C2008,East Sector,Townhouse,1450,3,2,8200000.0
C2009,East Sector,Townhouse,1500,3,2,8500000.0
C2010,East Sector,Townhouse,1480,3,2,8350000.0
