property_id,urban_zone,property_type,area_sqft,bedrooms,bathrooms,price
P1001,Zone A - Downtown Core,Apartment,1022,1,1,6840000.0
P1002,Zone A - Downtown Core,Apartment,1369,3,2,9730000.0
P1003,Zone A - Downtown Core,Apartment,1154,1,1,7140000.0
P1004,Zone A - Downtown Core,Apartment,646,2,1,4570000.0
P1005,Zone A - Downtown Core,Independent House,2050,3,2,12410000.0
P1006,Zone A - Downtown Core,Villa,2885,4,4,19790000.0
P1007,Zone A - Downtown Core,Villa,3261,3,3,20190000.0
P1008,Zone A - Downtown Core,Apartment,1149,1,1,8120000.0
P1009,Zone A - Downtown Core,Independent House,1842,3,2,11790000.0
P1010,Zone A - Downtown Core,Apartment,1242,2,1,8360000.0
P1011,Zone A - Downtown Core,Apartment,1994,1,1,14390000.0
P1012,Zone A - Downtown Core,Townhouse,1354,3,2,9520000.0
P1013,Zone A - Downtown Core,Apartment,1047,2,1,5810000.0
P1014,Zone A - Downtown Core,Penthouse,2261,4,4,13500000.0
P1015,Zone A - Downtown Core,Apartment,1445,3,2,10160000.0
P1016,Zone A - Downtown Core,Independent House,2127,3,2,13030000.0
P1017,Zone A - Downtown Core,Penthouse,2196,3,3,15720000.0
P1018,Zone A - Downtown Core,Apartment,1594,2,1,9500000.0
P1019,Zone A - Downtown Core,Townhouse,1040,3,2,6710000.0
P1020,Zone A - Downtown Core,Independent House,2723,3,2,18250000.0
P1021,Zone A - Downtown Core,Villa,3000,3,3,19390000.0
P1022,Zone A - Downtown Core,Apartment,945,2,1,6730000.0
P1023,Zone A - Downtown Core,Apartment,1500,3,2,7200000.0
P1024,Zone A - Downtown Core,Apartment,1246,1,1,7780000.0
P1025,Zone A - Downtown Core,Townhouse,1425,3,2,10250000.0
P1026,Zone A - Downtown Core,Penthouse,3348,5,5,22110000.0
P1027,Zone A - Downtown Core,Apartment,1235,2,1,7750000.0
P1028,Zone A - Downtown Core,Penthouse,1737,3,3,11650000.0
P1029,Zone A - Downtown Core,Apartment,1413,2,1,9040000.0
P1030,Zone A - Downtown Core,Villa,2728,5,5,20030000.0
P1031,Zone A - Downtown Core,Townhouse,1295,2,1,7120000.0
P1032,Zone A - Downtown Core,Apartment,1325,2,1,8270000.0
P1033,Zone A - Downtown Core,Apartment,1419,2,1,9000000.0
P1034,Zone A - Downtown Core,Apartment,1384,2,1,8990000.0
P1035,Zone A - Downtown Core,Independent House,1928,4,3,13430000.0
P1036,Zone A - Downtown Core,Apartment,1651,2,1,12110000.0
P1037,Zone A - Downtown Core,Apartment,1176,1,1,8300000.0
P1038,Zone A - Downtown Core,Apartment,1726,1,1,12120000.0
P1039,Zone A - Downtown Core,Villa,3524,3,3,20320000.0
P1040,Zone A - Downtown Core,Independent House,2417,3,2,15480000.0
P1041,Zone A - Downtown Core,Apartment,1210,2,1,8270000.0
P1042,Zone A - Downtown Core,Penthouse,3345,3,3,26840000.0
P1043,Zone A - Downtown Core,Apartment,939,2,1,6770000.0
P1044,Zone A - Downtown Core,Independent House,2416,3,2,17470000.0
P1045,Zone A - Downtown Core,Apartment,1356,1,1,9500000.0
P1046,Zone A - Downtown Core,Apartment,1343,2,1,7750000.0
P1047,Zone A - Downtown Core,Independent House,2457,3,2,14560000.0
P1048,Zone A - Downtown Core,Apartment,1492,3,2,10830000.0
P1049,Zone A - Downtown Core,Independent House,1896,3,2,12490000.0
P1050,Zone A - Downtown Core,Apartment,1519,2,1,9660000.0
P1842,Zone B - Tech Corridor,Villa,3200,4,4,38500000.0
P1052,Zone B - Tech Corridor,Apartment,1059,1,1,8350000.0
P1053,Zone B - Tech Corridor,Independent House,2156,4,3,16640000.0
P1054,Zone B - Tech Corridor,Townhouse,1186,2,1,9180000.0
P1055,Zone B - Tech Corridor,Penthouse,2429,4,4,16620000.0
P1056,Zone B - Tech Corridor,Townhouse,1457,1,1,12290000.0
P1057,Zone B - Tech Corridor,Independent House,2570,4,3,18600000.0
P1058,Zone B - Tech Corridor,Independent House,1864,3,2,15220000.0
P1059,Zone B - Tech Corridor,Penthouse,2921,5,5,21560000.0
P1060,Zone B - Tech Corridor,Villa,3918,4,4,28230000.0
P1061,Zone B - Tech Corridor,Independent House,2281,3,2,16700000.0
P1062,Zone B - Tech Corridor,Apartment,1341,1,1,8850000.0
P1063,Zone B - Tech Corridor,Villa,2305,4,4,17170000.0
P1064,Zone B - Tech Corridor,Apartment,1076,2,1,7500000.0
P1065,Zone B - Tech Corridor,Independent House,2392,3,2,15090000.0
P1066,Zone B - Tech Corridor,Apartment,1897,2,1,16110000.0
P1067,Zone B - Tech Corridor,Independent House,2205,3,2,16560000.0
P1068,Zone B - Tech Corridor,Independent House,2044,3,2,12330000.0
P1069,Zone B - Tech Corridor,Apartment,1107,1,1,9260000.0
P1070,Zone B - Tech Corridor,Apartment,1379,3,2,8370000.0
P1071,Zone B - Tech Corridor,Independent House,2332,4,3,19490000.0
P1072,Zone B - Tech Corridor,Apartment,1117,3,2,7040000.0
P1073,Zone B - Tech Corridor,Apartment,1240,1,1,10550000.0
P1074,Zone B - Tech Corridor,Villa,2552,4,4,18190000.0
P1075,Zone B - Tech Corridor,Apartment,1685,1,1,13690000.0
P1076,Zone B - Tech Corridor,Apartment,1314,3,2,11620000.0
P1077,Zone B - Tech Corridor,Independent House,2129,3,2,15420000.0
P1078,Zone B - Tech Corridor,Townhouse,825,2,1,6680000.0
P1079,Zone B - Tech Corridor,Villa,3543,4,4,25690000.0
P1080,Zone B - Tech Corridor,Townhouse,1178,2,1,8650000.0
P1081,Zone B - Tech Corridor,Penthouse,2551,4,4,17730000.0
P1082,Zone B - Tech Corridor,Independent House,2326,4,3,17690000.0
P1083,Zone B - Tech Corridor,Apartment,1437,3,2,9630000.0
P1084,Zone B - Tech Corridor,Townhouse,853,3,2,5410000.0
P1085,Zone B - Tech Corridor,Apartment,1688,3,2,11630000.0
P1086,Zone B - Tech Corridor,Apartment,1303,3,2,10230000.0
P1087,Zone B - Tech Corridor,Apartment,1240,1,1,9670000.0
P1088,Zone B - Tech Corridor,Townhouse,1232,3,2,8340000.0
P1089,Zone B - Tech Corridor,Townhouse,1778,2,1,14130000.0
P1090,Zone B - Tech Corridor,Apartment,1601,3,2,10190000.0
P1091,Zone B - Tech Corridor,Independent House,1955,3,2,14060000.0
P1092,Zone B - Tech Corridor,Apartment,1222,1,1,9490000.0
P1093,Zone B - Tech Corridor,Apartment,1453,1,1,11840000.0
P1094,Zone B - Tech Corridor,Apartment,1191,3,2,8750000.0
P1095,Zone B - Tech Corridor,Independent House,2604,4,3,17880000.0
P1096,Zone B - Tech Corridor,Townhouse,1133,1,1,9240000.0
P1097,Zone B - Tech Corridor,Independent House,1487,4,3,12340000.0
P1098,Zone B - Tech Corridor,Apartment,1224,2,1,8810000.0
P1099,Zone B - Tech Corridor,Apartment,1617,2,1,12510000.0
P1100,Zone B - Tech Corridor,Townhouse,938,3,2,6200000.0
P1101,Zone B - Tech Corridor,Apartment,1317,3,2,10390000.0
P1102,Zone B - Tech Corridor,Apartment,1418,2,1,10260000.0
P1103,Zone B - Tech Corridor,Independent House,2048,4,3,17410000.0
P1104,Zone B - Tech Corridor,Villa,3144,4,4,24790000.0
P1105,Zone B - Tech Corridor,Apartment,1260,2,1,7880000.0
P1106,Zone B - Tech Corridor,Villa,2243,5,5,16720000.0
P1107,Zone B - Tech Corridor,Independent House,2459,3,2,20250000.0
P1108,Zone B - Tech Corridor,Townhouse,1281,3,2,8970000.0
P1109,Zone B - Tech Corridor,Townhouse,1373,2,1,8830000.0
P1110,Zone B - Tech Corridor,Townhouse,1368,2,1,10120000.0
P1111,Zone C - Suburban North,Apartment,1272,3,2,5310000.0
P1112,Zone C - Suburban North,Penthouse,3406,5,5,14780000.0
P1113,Zone C - Suburban North,Penthouse,2674,3,3,9310000.0
P1114,Zone C - Suburban North,Townhouse,957,2,1,4250000.0
P1115,Zone C - Suburban North,Independent House,1910,4,3,7760000.0
P1116,Zone C - Suburban North,Villa,3257,5,5,15950000.0
P1117,Zone C - Suburban North,Villa,3713,4,4,15870000.0
P1118,Zone C - Suburban North,Apartment,1672,2,1,7680000.0
P1119,Zone C - Suburban North,Apartment,867,2,1,4200000.0
P1120,Zone C - Suburban North,Townhouse,2400,3,2,5200000.0
P1121,Zone C - Suburban North,Apartment,1545,3,2,6720000.0
P1122,Zone C - Suburban North,Apartment,1296,2,1,5910000.0
P1123,Zone C - Suburban North,Villa,3196,4,4,14000000.0
P1124,Zone C - Suburban North,Independent House,2156,3,2,8980000.0
P1125,Zone C - Suburban North,Apartment,1024,2,1,4530000.0
P1126,Zone C - Suburban North,Townhouse,1813,1,1,7350000.0
P1127,Zone C - Suburban North,Apartment,1096,1,1,4330000.0
P1128,Zone C - Suburban North,Apartment,941,2,1,3870000.0
P1129,Zone C - Suburban North,Villa,3149,5,5,13290000.0
P1130,Zone C - Suburban North,Independent House,2497,4,3,9790000.0
P1131,Zone C - Suburban North,Apartment,1163,2,1,4240000.0
P1132,Zone C - Suburban North,Independent House,1980,4,3,6360000.0
P1133,Zone C - Suburban North,Apartment,1512,3,2,5680000.0
P1134,Zone C - Suburban North,Villa,2713,4,4,11490000.0
P1135,Zone C - Suburban North,Villa,2794,4,4,10600000.0
P1136,Zone C - Suburban North,Apartment,1034,2,1,4040000.0
P1137,Zone C - Suburban North,Apartment,1354,2,1,6240000.0
P1138,Zone C - Suburban North,Independent House,1894,3,2,7950000.0
P1139,Zone C - Suburban North,Villa,2979,3,3,14630000.0
P1140,Zone C - Suburban North,Apartment,1648,2,1,5950000.0
P1141,Zone C - Suburban North,Apartment,1306,2,1,5560000.0
P1142,Zone C - Suburban North,Apartment,1185,1,1,4640000.0
P1143,Zone C - Suburban North,Apartment,1092,3,2,4320000.0
P1144,Zone C - Suburban North,Apartment,674,3,2,3040000.0
P1145,Zone C - Suburban North,Apartment,1397,3,2,5810000.0
P1146,Zone C - Suburban North,Penthouse,2510,4,4,9940000.0
P1147,Zone C - Suburban North,Townhouse,1810,2,1,8920000.0
P1148,Zone C - Suburban North,Independent House,2002,3,2,7510000.0
P1149,Zone C - Suburban North,Villa,2970,4,4,12060000.0
P1150,Zone C - Suburban North,Apartment,1015,2,1,4390000.0
P1151,Zone C - Suburban North,Villa,3125,3,3,12550000.0
P1152,Zone C - Suburban North,Apartment,1149,2,1,5220000.0
P1153,Zone C - Suburban North,Independent House,1946,3,2,10300000.0
P1154,Zone C - Suburban North,Apartment,1342,1,1,5690000.0
P1155,Zone C - Suburban North,Apartment,1422,3,2,6980000.0
P1156,Zone C - Suburban North,Apartment,1151,1,1,5140000.0
P1157,Zone C - Suburban North,Apartment,1435,2,1,6700000.0
P1158,Zone C - Suburban North,Apartment,1232,3,2,5700000.0
P1159,Zone C - Suburban North,Apartment,1130,2,1,3610000.0
P1160,Zone C - Suburban North,Independent House,1646,4,3,6930000.0
P1161,Zone C - Suburban North,Apartment,1523,2,1,6460000.0
P1162,Zone C - Suburban North,Apartment,1341,2,1,5980000.0
P1163,Zone C - Suburban North,Apartment,1427,2,1,6790000.0
P1164,Zone C - Suburban North,Townhouse,1178,2,1,5160000.0
P1165,Zone C - Suburban North,Apartment,1677,3,2,7350000.0
P1166,Zone D - Coastal Heights,Apartment,1621,1,1,14750000.0
P1167,Zone D - Coastal Heights,Apartment,1540,2,1,15980000.0
P1168,Zone D - Coastal Heights,Independent House,1628,3,2,15880000.0
P1169,Zone D - Coastal Heights,Apartment,1342,2,1,13760000.0
P1170,Zone D - Coastal Heights,Villa,3290,4,4,39080000.0
P1171,Zone D - Coastal Heights,Apartment,1745,3,2,17500000.0
P1172,Zone D - Coastal Heights,Independent House,2287,4,3,19380000.0
P1173,Zone D - Coastal Heights,Apartment,1345,3,2,12900000.0
P1174,Zone D - Coastal Heights,Villa,4469,4,4,44560000.0
P1175,Zone D - Coastal Heights,Apartment,1567,1,1,14060000.0
P1176,Zone D - Coastal Heights,Apartment,1513,3,2,11210000.0
P1177,Zone D - Coastal Heights,Apartment,1617,2,1,14170000.0
P1178,Zone D - Coastal Heights,Apartment,1018,1,1,9530000.0
P1179,Zone D - Coastal Heights,Villa,3602,4,4,33710000.0
P1180,Zone D - Coastal Heights,Villa,1800,5,5,31000000.0
P1181,Zone D - Coastal Heights,Apartment,1100,3,2,10290000.0
P1182,Zone D - Coastal Heights,Villa,2861,5,5,27560000.0
P1183,Zone D - Coastal Heights,Apartment,1271,1,1,12250000.0
P1184,Zone D - Coastal Heights,Apartment,1942,1,1,16510000.0
P1185,Zone D - Coastal Heights,Independent House,2686,3,2,19090000.0
P1186,Zone D - Coastal Heights,Apartment,1005,1,1,9730000.0
P1187,Zone D - Coastal Heights,Penthouse,2740,3,3,27330000.0
P1188,Zone D - Coastal Heights,Independent House,2073,3,2,19560000.0
P1189,Zone D - Coastal Heights,Independent House,2168,3,2,20650000.0
P1190,Zone D - Coastal Heights,Apartment,1324,1,1,12420000.0
P1191,Zone D - Coastal Heights,Independent House,2077,3,2,19300000.0
P1192,Zone D - Coastal Heights,Independent House,2282,3,2,22200000.0
P1193,Zone D - Coastal Heights,Independent House,1969,4,3,17040000.0
P1194,Zone D - Coastal Heights,Apartment,882,3,2,9780000.0
P1195,Zone D - Coastal Heights,Penthouse,2303,4,4,20190000.0
P1196,Zone D - Coastal Heights,Villa,3578,4,4,29440000.0
P1197,Zone D - Coastal Heights,Villa,2323,5,5,20930000.0
P1198,Zone D - Coastal Heights,Independent House,2540,4,3,24060000.0
P1199,Zone D - Coastal Heights,Apartment,1838,2,1,18570000.0
P1200,Zone D - Coastal Heights,Apartment,977,2,1,9370000.0
P1201,Zone D - Coastal Heights,Apartment,892,2,1,8920000.0
P1202,Zone D - Coastal Heights,Independent House,2035,3,2,20300000.0
P1203,Zone D - Coastal Heights,Apartment,1705,2,1,18610000.0
P1204,Zone D - Coastal Heights,Apartment,1260,2,1,12880000.0
P1205,Zone D - Coastal Heights,Villa,3025,4,4,29280000.0
P1206,Zone D - Coastal Heights,Apartment,918,2,1,8060000.0
P1207,Zone D - Coastal Heights,Independent House,2400,3,2,19010000.0
P1208,Zone D - Coastal Heights,Independent House,2233,3,2,21570000.0
P1209,Zone D - Coastal Heights,Apartment,1451,1,1,11800000.0
P1210,Zone D - Coastal Heights,Villa,2355,5,5,24460000.0
P1211,Zone E - Industrial Fringe,Apartment,1344,2,1,4140000.0
P1212,Zone E - Industrial Fringe,Independent House,1654,4,3,5060000.0
P1213,Zone E - Industrial Fringe,Independent House,1819,3,2,6410000.0
P1214,Zone E - Industrial Fringe,Apartment,970,2,1,3030000.0
P1215,Zone E - Industrial Fringe,Penthouse,3126,4,4,10680000.0
P1216,Zone E - Industrial Fringe,Independent House,2041,3,2,6980000.0
P1217,Zone E - Industrial Fringe,Apartment,1504,1,1,4880000.0
P1218,Zone E - Industrial Fringe,Independent House,2356,4,3,7360000.0
P1219,Zone E - Industrial Fringe,Townhouse,1582,3,2,5020000.0
P1220,Zone E - Industrial Fringe,Apartment,948,1,1,3200000.0
P1221,Zone E - Industrial Fringe,Apartment,1039,3,2,3790000.0
P1222,Zone E - Industrial Fringe,Apartment,1403,3,2,3540000.0
P1223,Zone E - Industrial Fringe,Apartment,1516,2,1,5000000.0
P1224,Zone E - Industrial Fringe,Apartment,1478,3,2,4750000.0
P1225,Zone E - Industrial Fringe,Townhouse,2000,2,1,3600000.0
P1226,Zone E - Industrial Fringe,Villa,3659,5,5,12110000.0
P1227,Zone E - Industrial Fringe,Independent House,1611,4,3,4160000.0
P1228,Zone E - Industrial Fringe,Apartment,1224,2,1,3570000.0
P1229,Zone E - Industrial Fringe,Apartment,816,2,1,2270000.0
P1230,Zone E - Industrial Fringe,Apartment,1258,3,2,3660000.0
P1231,Zone E - Industrial Fringe,Townhouse,1877,1,1,5570000.0
P1232,Zone E - Industrial Fringe,Townhouse,1591,2,1,5990000.0
P1233,Zone E - Industrial Fringe,Apartment,1170,1,1,3500000.0
P1234,Zone E - Industrial Fringe,Independent House,2026,4,3,6360000.0
P1235,Zone E - Industrial Fringe,Townhouse,1206,3,2,3360000.0
P1236,Zone E - Industrial Fringe,Independent House,2320,3,2,7120000.0
P1237,Zone E - Industrial Fringe,Apartment,1889,2,1,6660000.0
P1238,Zone E - Industrial Fringe,Apartment,1209,1,1,4120000.0
P1239,Zone E - Industrial Fringe,Townhouse,1435,2,1,5140000.0
P1240,Zone E - Industrial Fringe,Apartment,862,2,1,2380000.0
P1241,Zone E - Industrial Fringe,Independent House,1905,3,2,6090000.0
P1242,Zone E - Industrial Fringe,Independent House,981,3,2,2840000.0
P1243,Zone E - Industrial Fringe,Penthouse,3329,4,4,9330000.0
P1244,Zone E - Industrial Fringe,Apartment,1360,2,1,4500000.0
P1245,Zone E - Industrial Fringe,Penthouse,2962,5,5,10220000.0
P1246,Zone E - Industrial Fringe,Independent House,2552,4,3,9530000.0
P1247,Zone E - Industrial Fringe,Apartment,1207,3,2,3510000.0
P1248,Zone E - Industrial Fringe,Apartment,1404,2,1,4690000.0
P1249,Zone E - Industrial Fringe,Apartment,1504,3,2,4030000.0
P1250,Zone E - Industrial Fringe,Independent House,2463,3,2,6720000.0
